{
  "version": 1,
  "author": "ANANDA SETIAWATI ABIDIN",
  "editor": "wokwi",
  "parts": [
    { "type": "board-esp32-devkit-c-v4", "id": "esp", "top": -9.6, "left": -897.56, "attrs": {} },
    {
      "type": "wokwi-led",
      "id": "led1",
      "top": -32.4,
      "left": -716.2,
      "attrs": { "color": "red" }
    },
    {
      "type": "wokwi-led",
      "id": "led2",
      "top": -32.4,
      "left": -649,
      "attrs": { "color": "yellow" }
    },
    {
      "type": "wokwi-led",
      "id": "led3",
      "top": -32.4,
      "left": -572.2,
      "attrs": { "color": "green" }
    },
    {
      "type": "wokwi-resistor",
      "id": "r1",
      "top": 52.8,
      "left": -653.35,
      "rotate": 90,
      "attrs": { "value": "1000" }
    },
    {
      "type": "wokwi-resistor",
      "id": "r2",
      "top": 52.8,
      "left": -720.55,
      "rotate": 90,
      "attrs": { "value": "1000" }
    },
    {
      "type": "wokwi-resistor",
      "id": "r3",
      "top": 52.8,
      "left": -576.55,
      "rotate": 90,
      "attrs": { "value": "1000" }
    },
    {
      "type": "wokwi-pushbutton",
      "id": "btn1",
      "top": 140.6,
      "left": -1036.8,
      "attrs": { "color": "green", "xray": "1" }
    },
    {
      "type": "wokwi-pushbutton",
      "id": "btn2",
      "top": 73.4,
      "left": -1036.8,
      "attrs": { "color": "green", "xray": "1" }
    },
    {
      "type": "wokwi-pushbutton",
      "id": "btn3",
      "top": 6.2,
      "left": -1036.8,
      "attrs": { "color": "green", "xray": "1" }
    },
    { "type": "wokwi-junction", "id": "j1", "top": 120, "left": -1080, "attrs": {} }
  ],
  "connections": [
    [ "esp:TX", "$serialMonitor:RX", "", [] ],
    [ "esp:RX", "$serialMonitor:TX", "", [] ],
    [ "led1:A", "r2:1", "green", [ "v0" ] ],
    [ "led2:A", "r1:1", "green", [ "v0" ] ],
    [ "led3:A", "r3:1", "green", [ "v0" ] ],
    [ "led3:C", "led2:C", "green", [ "v0", "h-57.2", "v-48", "h-28.8", "v48" ] ],
    [ "led2:C", "led1:C", "green", [ "v0", "h-38", "v-48", "h-38.4", "v48" ] ],
    [ "esp:GND.2", "led1:C", "black", [ "v0", "h19.2", "v28.8", "h67.2" ] ],
    [ "btn3:1.r", "esp:34", "green", [ "v0", "h57.8", "v38.4" ] ],
    [ "btn2:1.r", "esp:35", "green", [ "v0" ] ],
    [ "btn1:1.r", "esp:32", "green", [ "v0", "h38.6", "v-76.8" ] ],
    [ "btn2:2.r", "j1:J", "green", [ "h9.8", "v19.4", "h-115.2" ] ],
    [ "btn1:2.r", "esp:GND.1", "green", [ "h57.8", "v-28.6" ] ],
    [ "j1:J", "esp:GND.1", "green", [ "v76.8", "h163.2", "v-57.6" ] ],
    [ "btn3:2.r", "j1:J", "green", [ "h29", "v19.4", "h-134.4" ] ],
    [ "r2:2", "esp:23", "red", [ "h-96", "v-58.8" ] ],
    [ "r1:2", "esp:22", "gold", [ "h0", "v18", "h-163.2", "v-67.2" ] ],
    [ "r3:2", "esp:21", "green", [ "h0", "v56.4", "h-230.4", "v-76.8" ] ]
  ],
  "dependencies": {}
}